text,label
내 지갑이 해져서 바꿔야겠다.,필요
아 노트 필기할 펜 다 떨어짐,필요
리모컨 건전지 또 떨어짐 ㅠㅠ,필요
충전 어댑터 또 사라짐 ㅠㅠ ㅋㅋ,필요
아 텀블러 뚜껑 깨짐;;,필요
노트 필기할 펜 다 떨어짐;;,필요
노트 필기할 펜 다 떨어짐;;,필요
내 마우스가 맨날 끊겨서 짜증남 ㄹㅇ,필요
우비 있어야 하는데 없네~,필요
노트 필기할 펜 다 떨어짐 ㄹㅇ,필요
노트 필기할 펜 다 떨어짐 ㅋㅋ,필요
휴대폰 케이스 다 찢어짐 ㄹㅇ,필요
칫솔모 다 닳아서 못씀;;,필요
칫솔모 다 닳아서 못씀;;,필요
필통지퍼나감..,필요
휴대폰 케이스 다 찢어짐~,필요
휴대폰 케이스 다 찢어짐;;,필요
리모컨 건전지 또 떨어짐;;,필요
아 리모컨 건전지 또 떨어짐,필요
휴대폰 케이스 다 찢어짐 ㅠㅠ,필요
필통 지퍼 나감 ㅋㅋ,필요
텀블러뚜껑깨짐;;..,필요
노트 필기할 펜 다 떨어짐 ㄹㅇ,필요
휴대폰 케이스 다 찢어짐 ㄹㅇ,필요
우비 있어야 하는데 없네~,필요
휴대폰 케이스 다 찢어짐;;,필요
칫솔모 다 닳아서 못씀,필요
슬리퍼 완전 헤짐;;,필요
충전 어댑터 또 사라짐 ㅠㅠ,필요
노트 필기할 펜 다 떨어짐,필요
우비 있어야 하는데 없네,필요
텀블러 뚜껑 깨짐;;,필요
필통 지퍼 나감,필요
휴대폰 케이스 다 찢어짐,필요
리모컨 건전지 또 떨어짐,필요
내 마우스가 맨날 끊겨서 짜증남 ㅠㅠ,필요
아 우비 있어야 하는데 없네,필요
슬리퍼 완전 헤짐;; ㄹㅇ,필요
우비 있어야 하는데 없네 ㅋㅋ,필요
노트 필기할 펜 다 떨어짐;;,필요
리모컨 건전지 또 떨어짐 ㄹㅇ,필요
아 우비 있어야 하는데 없네,필요
아 필통 지퍼 나감,필요
아 우비 있어야 하는데 없네,필요
텀블러 뚜껑 깨짐;;~,필요
칫솔모 다 닳아서 못씀~,필요
휴대폰케이스다찢어짐..,필요
노트 필기할 펜 다 떨어짐 ㄹㅇ,필요
우비 있어야 하는데 없네 ㄹㅇ,필요
텀블러뚜껑깨짐;;..,필요
슬리퍼완전헤짐;;..,필요
칫솔모 다 닳아서 못씀;;,필요
텀블러 뚜껑 깨짐;;;;,필요
리모컨 건전지 또 떨어짐 ㅋㅋ,필요
아 노트 필기할 펜 다 떨어짐,필요
아 충전 어댑터 또 사라짐 ㅠㅠ,필요
리모컨 건전지 또 떨어짐~,필요
슬리퍼 완전 헤짐;; ㅋㅋ,필요
슬리퍼 완전 헤짐;; ㄹㅇ,필요
내 마우스가 맨날 끊겨서 짜증남;;,필요
휴대폰 케이스 다 찢어짐 ㅋㅋ,필요
필통 지퍼 나감 ㅠㅠ,필요
텀블러 뚜껑 깨짐;;;;,필요
우비 있어야 하는데 없네;;,필요
필통 지퍼 나감 ㄹㅇ,필요
텀블러 뚜껑 깨짐;;~,필요
텀블러 뚜껑 깨짐;; ㅠㅠ,필요
칫솔모 다 닳아서 못씀 ㅠㅠ,필요
우비 있어야 하는데 없네 ㅠㅠ,필요
휴대폰케이스다찢어짐..,필요
노트 필기할 펜 다 떨어짐 ㅋㅋ,필요
아 충전 어댑터 또 사라짐 ㅠㅠ,필요
아 노트 필기할 펜 다 떨어짐,필요
필통 지퍼 나감 ㄹㅇ,필요
내 마우스가 맨날 끊겨서 짜증남;;,필요
아 노트 필기할 펜 다 떨어짐,필요
슬리퍼 완전 헤짐;; ㅠㅠ,필요
필통 지퍼 나감 ㄹㅇ,필요
칫솔모 다 닳아서 못씀 ㅠㅠ,필요
슬리퍼완전헤짐;;..,필요
텀블러 뚜껑 깨짐;; ㄹㅇ,필요
충전 어댑터 또 사라짐 ㅠㅠ ㄹㅇ,필요
텀블러 뚜껑 깨짐;; ㅠㅠ,필요
충전어댑터또사라짐ㅠㅠ..,필요
텀블러 뚜껑 깨짐;; ㅋㅋ,필요
슬리퍼 완전 헤짐;; ㅠㅠ,필요
내 마우스가 맨날 끊겨서 짜증남,필요
노트 필기할 펜 다 떨어짐 ㄹㅇ,필요
노트 필기할 펜 다 떨어짐;;,필요
휴대폰 케이스 다 찢어짐 ㄹㅇ,필요
내 마우스가 맨날 끊겨서 짜증남;;,필요
내 마우스가 맨날 끊겨서 짜증남 ㅠㅠ,필요
필통 지퍼 나감 ㅠㅠ,필요
아 휴대폰 케이스 다 찢어짐,필요
칫솔모 다 닳아서 못씀 ㄹㅇ,필요
아 필통 지퍼 나감,필요
슬리퍼 완전 헤짐;;;;,필요
칫솔모 다 닳아서 못씀 ㅋㅋ,필요
휴대폰 케이스 다 찢어짐~,필요
리모컨 건전지 또 떨어짐 ㄹㅇ,필요
아 텀블러 뚜껑 깨짐;;,필요
키보드가 먹통이야.,필요
우산이 부러져서 새로 사야겠어.,필요
내 지갑이 해져서 바꿔야겠다.,필요
키보드가 먹통이야.,필요
화장솜이 다 떨어졌어.,필요
내 헤드폰 고장 나서 새로 사야겠다.,필요
운동화 바닥이 다 닳아서 불편해.,필요
전동칫솔 브러시 다 썼네.,필요
장우산은 있는데 접이식이 필요해.,필요
내 보조배터리 수명이 다 된 것 같아.,필요
집에서 쓰는 수건이 다 낡았어.,필요
우산이 부러져서 새로 사야겠어.,필요
내 지갑이 해져서 바꿔야겠다.,필요
키보드가 먹통이야.,필요
화장솜이 다 떨어졌어.,필요
내 헤드폰 고장 나서 새로 사야겠다.,필요
운동화 바닥이 다 닳아서 불편해.,필요
전동칫솔 브러시 다 썼네.,필요
장우산은 있는데 접이식이 필요해.,필요
내 보조배터리 수명이 다 된 것 같아.,필요
집에서 쓰는 수건이 다 낡았어.,필요
우산이 부러져서 새로 사야겠어.,필요
집에서 쓰는 수건이 다 낡았어.,필요
내 보조배터리 수명이 다 된 것 같아.,필요
장우산은 있는데 접이식이 필요해.,필요
전동칫솔 브러시 다 썼네.,필요
내 헤드폰 고장 나서 새로 사야겠다.,필요
운동화 바닥이 다 닳아서 불편해.,필요
전동칫솔 브러시 다 썼네.,필요
장우산은 있는데 접이식이 필요해.,필요
내 보조배터리 수명이 다 된 것 같아.,필요
집에서 쓰는 수건이 다 낡았어.,필요
우산이 부러져서 새로 사야겠어.,필요
내 지갑이 해져서 바꿔야겠다.,필요
키보드가 먹통이야.,필요
화장솜이 다 떨어졌어.,필요
내 지갑이 해져서 바꿔야겠다.,필요
내 헤드폰 고장 나서 새로 사야겠다.,필요
전동칫솔 브러시 다 썼네.,필요
장우산은 있는데 접이식이 필요해.,필요
내 보조배터리 수명이 다 된 것 같아.,필요
집에서 쓰는 수건이 다 낡았어.,필요
우산이 부러져서 새로 사야겠어.,필요
내 지갑이 해져서 바꿔야겠다.,필요
키보드가 먹통이야.,필요
화장솜이 다 떨어졌어.,필요
내 헤드폰 고장 나서 새로 사야겠다.,필요
운동화 바닥이 다 닳아서 불편해.,필요
운동화 바닥이 다 닳아서 불편해.,필요
키보드가 먹통이야.,필요
화장솜이 다 떨어졌어.,필요
내 헤드폰 고장 나서 새로 사야겠다.,필요
우산이 부러져서 새로 사야겠어.,필요
내 지갑이 해져서 바꿔야겠다.,필요
키보드가 먹통이야.,필요
화장솜이 다 떨어졌어.,필요
내 헤드폰 고장 나서 새로 사야겠다.,필요
운동화 바닥이 다 닳아서 불편해.,필요
전동칫솔 브러시 다 썼네.,필요
장우산은 있는데 접이식이 필요해.,필요
내 보조배터리 수명이 다 된 것 같아.,필요
집에서 쓰는 수건이 다 낡았어.,필요
우산이 부러져서 새로 사야겠어.,필요
내 지갑이 해져서 바꿔야겠다.,필요
키보드가 먹통이야.,필요
화장솜이 다 떨어졌어.,필요
내 헤드폰 고장 나서 새로 사야겠다.,필요
운동화 바닥이 다 닳아서 불편해.,필요
전동칫솔 브러시 다 썼네.,필요
장우산은 있는데 접이식이 필요해.,필요
내 보조배터리 수명이 다 된 것 같아.,필요
집에서 쓰는 수건이 다 낡았어.,필요
우산이 부러져서 새로 사야겠어.,필요
집에서 쓰는 수건이 다 낡았어.,필요
화장솜이 다 떨어졌어.,필요
내 보조배터리 수명이 다 된 것 같아.,필요
전동칫솔 브러시 다 썼네.,필요
운동화 바닥이 다 닳아서 불편해.,필요
전동칫솔 브러시 다 썼네.,필요
장우산은 있는데 접이식이 필요해.,필요
내 보조배터리 수명이 다 된 것 같아.,필요
집에서 쓰는 수건이 다 낡았어.,필요
우산이 부러져서 새로 사야겠어.,필요
내 지갑이 해져서 바꿔야겠다.,필요
키보드가 먹통이야.,필요
화장솜이 다 떨어졌어.,필요
장우산은 있는데 접이식이 필요해.,필요
내 헤드폰 고장 나서 새로 사야겠다.,필요
전동칫솔 브러시 다 썼네.,필요
장우산은 있는데 접이식이 필요해.,필요
내 보조배터리 수명이 다 된 것 같아.,필요
집에서 쓰는 수건이 다 낡았어.,필요
우산이 부러져서 새로 사야겠어.,필요
내 지갑이 해져서 바꿔야겠다.,필요
키보드가 먹통이야.,필요
화장솜이 다 떨어졌어.,필요
내 헤드폰 고장 나서 새로 사야겠다.,필요
운동화 바닥이 다 닳아서 불편해.,필요
운동화 바닥이 다 닳아서 불편해.,필요
이번주에 무조건 운동화 삼 ㅋㅋ,구매
다음주에패딩지른다..,구매
신상 지갑 살까 싶음~,구매
신상 지갑 살까 싶음 ㄹㅇ,구매
아 아이패드 이번에 삼,구매
향수 새로 사고 싶음 ㄹㅇ;;,구매
이번주에 무조건 운동화 삼;;,구매
다음달 가구 새로 산다;;,구매
아이패드 이번에 삼 ㅋㅋ,구매
책상의자살거임..,구매
아 내일 마트 가서 장바구니 꽉 채울듯,구매
스마트워치 하나 장만할까 생각중~,구매
다음달 가구 새로 산다;;,구매
스마트워치 하나 장만할까 생각중 ㅋㅋ,구매
향수 새로 사고 싶음 ㄹㅇ ㅠㅠ,구매
아이패드 이번에 삼 ㄹㅇ,구매
신상 지갑 살까 싶음;;,구매
내일 마트 가서 장바구니 꽉 채울듯~,구매
이번주에 무조건 운동화 삼~,구매
아 다음달 가구 새로 산다,구매
아 책상 의자 살거임,구매
이번주에무조건운동화삼..,구매
향수새로사고싶음ㄹㅇ..,구매
아 다음주에 패딩 지른다,구매
향수 새로 사고 싶음 ㄹㅇ ㅋㅋ,구매
아 스마트워치 하나 장만할까 생각중,구매
내일 마트 가서 장바구니 꽉 채울듯 ㄹㅇ,구매
내일 마트 가서 장바구니 꽉 채울듯,구매
향수 새로 사고 싶음 ㄹㅇ,구매
다음주에 패딩 지른다,구매
신상 지갑 살까 싶음,구매
아이패드 이번에 삼,구매
스마트워치 하나 장만할까 생각중,구매
이번주에 무조건 운동화 삼,구매
청바지 하나 지름 예정,구매
다음달 가구 새로 산다,구매
아이패드 이번에 삼;;,구매
책상 의자 살거임,구매
책상 의자 살거임 ㅋㅋ,구매
신상 지갑 살까 싶음 ㄹㅇ,구매
청바지 하나 지름 예정 ㅋㅋ,구매
청바지 하나 지름 예정;;,구매
다음주에 패딩 지른다 ㅠㅠ,구매
내일 마트 가서 장바구니 꽉 채울듯 ㅠㅠ,구매
스마트워치 하나 장만할까 생각중 ㅋㅋ,구매
아이패드이번에삼..,구매
다음주에패딩지른다..,구매
청바지 하나 지름 예정;;,구매
신상 지갑 살까 싶음~,구매
아 책상 의자 살거임,구매
아 향수 새로 사고 싶음 ㄹㅇ,구매
아 이번주에 무조건 운동화 삼,구매
향수 새로 사고 싶음 ㄹㅇ~,구매
스마트워치 하나 장만할까 생각중 ㄹㅇ,구매
다음달가구새로산다..,구매
책상 의자 살거임~,구매
아이패드 이번에 삼 ㄹㅇ,구매
다음달 가구 새로 산다;;,구매
아이패드 이번에 삼~,구매
책상 의자 살거임;;,구매
이번주에 무조건 운동화 삼;;,구매
스마트워치 하나 장만할까 생각중 ㄹㅇ,구매
신상지갑살까싶음..,구매
신상 지갑 살까 싶음 ㄹㅇ,구매
청바지 하나 지름 예정 ㅋㅋ,구매
다음달 가구 새로 산다;;,구매
이번주에 무조건 운동화 삼 ㅋㅋ,구매
향수새로사고싶음ㄹㅇ..,구매
향수 새로 사고 싶음 ㄹㅇ ㄹㅇ,구매
책상 의자 살거임 ㅠㅠ,구매
책상 의자 살거임~,구매
스마트워치 하나 장만할까 생각중~,구매
아 아이패드 이번에 삼,구매
아이패드 이번에 삼 ㄹㅇ,구매
아이패드 이번에 삼 ㅋㅋ,구매
책상 의자 살거임 ㅋㅋ,구매
다음주에 패딩 지른다 ㅠㅠ,구매
스마트워치하나장만할까생각중..,구매
신상 지갑 살까 싶음 ㅠㅠ,구매
신상지갑살까싶음..,구매
신상 지갑 살까 싶음;;,구매
청바지 하나 지름 예정;;,구매
아 내일 마트 가서 장바구니 꽉 채울듯,구매
향수새로사고싶음ㄹㅇ..,구매
아 신상 지갑 살까 싶음,구매
스마트워치 하나 장만할까 생각중 ㅋㅋ,구매
청바지 하나 지름 예정;;,구매
신상 지갑 살까 싶음~,구매
책상 의자 살거임 ㄹㅇ,구매
청바지 하나 지름 예정 ㅋㅋ,구매
책상 의자 살거임~,구매
내일 마트 가서 장바구니 꽉 채울듯 ㅠㅠ,구매
책상의자살거임..,구매
신상 지갑 살까 싶음 ㅠㅠ,구매
스마트워치 하나 장만할까 생각중 ㄹㅇ,구매
다음달가구새로산다..,구매
다음달가구새로산다..,구매
가을 코트 이번에 무조건 산다.,구매
신상 지갑 살까 싶음~,구매
가방 하나 사고 싶네.,구매
이번 달엔 무조건 노트북 산다.,구매
이번 주말에 셔츠 하나 살 거야.,구매
가을 코트 이번에 무조건 산다.,구매
백화점 가서 신발 사야지.,구매
화장대 이번에 들여야겠다.,구매
새 휴대폰 사고 싶어.,구매
향수 이번에 꼭 사야겠다.,구매
스니커즈 지를 거야.,구매
오늘 쇼핑몰에서 옷 주문하려고.,구매
오늘 쇼핑몰에서 옷 주문하려고.,구매
가방 하나 사고 싶네.,구매
이번 주말에 셔츠 하나 살 거야.,구매
가을 코트 이번에 무조건 산다.,구매
백화점 가서 신발 사야지.,구매
화장대 이번에 들여야겠다.,구매
새 휴대폰 사고 싶어.,구매
향수 이번에 꼭 사야겠다.,구매
스니커즈 지를 거야.,구매
오늘 쇼핑몰에서 옷 주문하려고.,구매
가방 하나 사고 싶네.,구매
이번 달엔 무조건 노트북 산다.,구매
이번 달엔 무조건 노트북 산다.,구매
이번 주말에 셔츠 하나 살 거야.,구매
스니커즈 지를 거야.,구매
새 휴대폰 사고 싶어.,구매
백화점 가서 신발 사야지.,구매
화장대 이번에 들여야겠다.,구매
새 휴대폰 사고 싶어.,구매
향수 이번에 꼭 사야겠다.,구매
스니커즈 지를 거야.,구매
오늘 쇼핑몰에서 옷 주문하려고.,구매
가방 하나 사고 싶네.,구매
이번 달엔 무조건 노트북 산다.,구매
이번 주말에 셔츠 하나 살 거야.,구매
가을 코트 이번에 무조건 산다.,구매
향수 이번에 꼭 사야겠다.,구매
백화점 가서 신발 사야지.,구매
새 휴대폰 사고 싶어.,구매
향수 이번에 꼭 사야겠다.,구매
스니커즈 지를 거야.,구매
오늘 쇼핑몰에서 옷 주문하려고.,구매
가방 하나 사고 싶네.,구매
이번 달엔 무조건 노트북 산다.,구매
이번 주말에 셔츠 하나 살 거야.,구매
가을 코트 이번에 무조건 산다.,구매
백화점 가서 신발 사야지.,구매
화장대 이번에 들여야겠다.,구매
화장대 이번에 들여야겠다.,구매
가을 코트 이번에 무조건 산다.,구매
백화점 가서 신발 사야지.,구매
화장대 이번에 들여야겠다.,구매
이번 주말에 셔츠 하나 살 거야.,구매
가을 코트 이번에 무조건 산다.,구매
백화점 가서 신발 사야지.,구매
화장대 이번에 들여야겠다.,구매
새 휴대폰 사고 싶어.,구매
향수 이번에 꼭 사야겠다.,구매
스니커즈 지를 거야.,구매
오늘 쇼핑몰에서 옷 주문하려고.,구매
가방 하나 사고 싶네.,구매
이번 달엔 무조건 노트북 산다.,구매
이번 달엔 무조건 노트북 산다.,구매
이번 주말에 셔츠 하나 살 거야.,구매
백화점 가서 신발 사야지.,구매
화장대 이번에 들여야겠다.,구매
새 휴대폰 사고 싶어.,구매
향수 이번에 꼭 사야겠다.,구매
스니커즈 지를 거야.,구매
오늘 쇼핑몰에서 옷 주문하려고.,구매
가방 하나 사고 싶네.,구매
이번 달엔 무조건 노트북 산다.,구매
이번 주말에 셔츠 하나 살 거야.,구매
다음달 가구 새로 산다 ㅠㅠ,구매
가을 코트 이번에 무조건 산다.,구매
아이패드 이번에 삼 ㅋㅋ,구매
가방 하나 사고 싶네.,구매
스니커즈 지를 거야.,구매
새 휴대폰 사고 싶어.,구매
향수 이번에 꼭 사야겠다.,구매
스니커즈 지를 거야.,구매
오늘 쇼핑몰에서 옷 주문하려고.,구매
가방 하나 사고 싶네.,구매
이번 달엔 무조건 노트북 산다.,구매
이번 주말에 셔츠 하나 살 거야.,구매
가을 코트 이번에 무조건 산다.,구매
백화점 가서 신발 사야지.,구매
화장대 이번에 들여야겠다.,구매
오늘 쇼핑몰에서 옷 주문하려고.,구매
새 휴대폰 사고 싶어.,구매
스니커즈 지를 거야.,구매
오늘 쇼핑몰에서 옷 주문하려고.,구매
가방 하나 사고 싶네.,구매
이번 달엔 무조건 노트북 산다.,구매
이번 주말에 셔츠 하나 살 거야.,구매
가을 코트 이번에 무조건 산다.,구매
백화점 가서 신발 사야지.,구매
화장대 이번에 들여야겠다.,구매
새 휴대폰 사고 싶어.,구매
향수 이번에 꼭 사야겠다.,구매
향수 이번에 꼭 사야겠다.,구매
티비광고에나온가방탐나더라..,관심
백화점에서 귀걸이 본거 맘에듦 ㄹㅇ,관심
백화점에서 귀걸이 본거 맘에듦;;,관심
티비 광고에 나온 가방 탐나더라,관심
아 책상 램프 디자인 신기했음,관심
이불세트색감괜찮던데..,관심
이불 세트 색감 괜찮던데~,관심
헬스장에서 신발 신상 봤음;;,관심
아 백화점에서 귀걸이 본거 맘에듦,관심
티비 광고에 나온 가방 탐나더라 ㅠㅠ,관심
이불세트색감괜찮던데..,관심
그 브랜드 운동복 예쁘더라~,관심
저 노트북 화면 진짜 선명하더라;;,관심
책상 램프 디자인 신기했음 ㄹㅇ,관심
저 노트북 화면 진짜 선명하더라;;,관심
티비광고에나온가방탐나더라..,관심
아 이불 세트 색감 괜찮던데,관심
어제본자전거이쁘던데..,관심
그 브랜드 운동복 예쁘더라 ㅋㅋ,관심
책상 램프 디자인 신기했음;;,관심
백화점에서 귀걸이 본거 맘에듦~,관심
이불 세트 색감 괜찮던데~,관심
아 백화점에서 귀걸이 본거 맘에듦,관심
저 노트북 화면 진짜 선명하더라;;,관심
이불세트색감괜찮던데..,관심
어제 본 자전거 이쁘던데 ㄹㅇ,관심
헬스장에서 신발 신상 봤음;;,관심
저노트북화면진짜선명하더라..,관심
이불 세트 색감 괜찮던데;;,관심
백화점에서 귀걸이 본거 맘에듦 ㄹㅇ,관심
헬스장에서신발신상봤음..,관심
친구가 산 시계 은근 괜찮아보임 ㄹㅇ,관심
저 노트북 화면 진짜 선명하더라 ㅠㅠ,관심
헬스장에서 신발 신상 봤음 ㄹㅇ,관심
아 친구가 산 시계 은근 괜찮아보임,관심
아 저 노트북 화면 진짜 선명하더라,관심
친구가 산 시계 은근 괜찮아보임 ㅠㅠ,관심
그브랜드운동복예쁘더라..,관심
친구가 산 시계 은근 괜찮아보임 ㅠㅠ,관심
이불 세트 색감 괜찮던데 ㅋㅋ,관심
편의점 신상 음료수 봤냐 ㅋㅋ,관심
친구가 산 시계 은근 괜찮아보임 ㅠㅠ,관심
티비 광고에 나온 가방 탐나더라;;,관심
저 노트북 화면 진짜 선명하더라~,관심
이불세트색감괜찮던데..,관심
백화점에서 귀걸이 본거 맘에듦 ㅠㅠ,관심
헬스장에서신발신상봤음..,관심
친구가 산 시계 은근 괜찮아보임 ㅋㅋ,관심
친구가 산 시계 은근 괜찮아보임;;,관심
어제 본 자전거 이쁘던데,관심
아 책상 램프 디자인 신기했음,관심
이불 세트 색감 괜찮던데 ㄹㅇ,관심
편의점 신상 음료수 봤냐 ㅋㅋ,관심
책상램프디자인신기했음..,관심
어제본자전거이쁘던데..,관심
그 브랜드 운동복 예쁘더라 ㅋㅋ,관심
백화점에서귀걸이본거맘에듦..,관심
그 브랜드 운동복 예쁘더라 ㄹㅇ,관심
티비 광고에 나온 가방 탐나더라 ㅠㅠ,관심
친구가 산 시계 은근 괜찮아보임;;,관심
어제 본 자전거 이쁘던데 ㅋㅋ,관심
편의점 신상 음료수 봤냐 ㄹㅇ,관심
헬스장에서 신발 신상 봤음;;,관심
저 노트북 화면 진짜 선명하더라 ㄹㅇ,관심
이불 세트 색감 괜찮던데,관심
편의점 신상 음료수 봤냐,관심
책상 램프 디자인 신기했음,관심
백화점에서 귀걸이 본거 맘에듦,관심
저 노트북 화면 진짜 선명하더라,관심
헬스장에서 신발 신상 봤음,관심
그 브랜드 운동복 예쁘더라,관심
친구가 산 시계 은근 괜찮아보임,관심
친구가 산 시계 은근 괜찮아보임;;,관심
헬스장에서신발신상봤음..,관심
아 어제 본 자전거 이쁘던데,관심
아 티비 광고에 나온 가방 탐나더라,관심
헬스장에서신발신상봤음..,관심
아 그 브랜드 운동복 예쁘더라,관심
책상 램프 디자인 신기했음;;,관심
저노트북화면진짜선명하더라..,관심
저노트북화면진짜선명하더라..,관심
편의점 신상 음료수 봤냐 ㄹㅇ,관심
이불 세트 색감 괜찮던데 ㄹㅇ,관심
저노트북화면진짜선명하더라..,관심
어제 본 자전거 이쁘던데~,관심
이불 세트 색감 괜찮던데 ㅠㅠ,관심
그 브랜드 운동복 예쁘더라 ㅠㅠ,관심
어제 본 자전거 이쁘던데 ㅠㅠ,관심
티비 광고에 나온 가방 탐나더라~,관심
헬스장에서 신발 신상 봤음 ㅠㅠ,관심
티비 광고에 나온 가방 탐나더라;;,관심
책상 램프 디자인 신기했음~,관심
티비 광고에 나온 가방 탐나더라;;,관심
백화점에서 귀걸이 본거 맘에듦 ㄹㅇ,관심
백화점에서 귀걸이 본거 맘에듦;;,관심
친구가 산 시계 은근 괜찮아보임 ㅠㅠ,관심
헬스장에서 신발 신상 봤음;;,관심
그 브랜드 운동복 예쁘더라~,관심
티비 광고에 나온 가방 탐나더라 ㅋㅋ,관심
저 가방 디자인 마음에 들어.,관심
인스타에서 귀여운 파자마 봤어.,관심
저 시계 색감 예쁘더라.,관심
아이패드 케이스 신상 이쁘더라.,관심
전동 킥보드 좀 신기하더라.,관심
저 가방 디자인 마음에 들어.,관심
전시회 굿즈 진짜 예쁘더라.,관심
새로 나온 스마트워치 봤어?,관심
마켓에서 특이한 과일 팔던데.,관심
그 브랜드 코트 진짜 탐나더라.,관심
신상 이어폰 괜찮던데.,관심
인스타에서 귀여운 파자마 봤어.,관심
저 시계 색감 예쁘더라.,관심
아이패드 케이스 신상 이쁘더라.,관심
전동 킥보드 좀 신기하더라.,관심
저 가방 디자인 마음에 들어.,관심
전시회 굿즈 진짜 예쁘더라.,관심
새로 나온 스마트워치 봤어?,관심
마켓에서 특이한 과일 팔던데.,관심
그 브랜드 코트 진짜 탐나더라.,관심
신상 이어폰 괜찮던데.,관심
인스타에서 귀여운 파자마 봤어.,관심
그 브랜드 코트 진짜 탐나더라.,관심
마켓에서 특이한 과일 팔던데.,관심
새로 나온 스마트워치 봤어?,관심
전시회 굿즈 진짜 예쁘더라.,관심
아이패드 케이스 신상 이쁘더라.,관심
전동 킥보드 좀 신기하더라.,관심
전시회 굿즈 진짜 예쁘더라.,관심
새로 나온 스마트워치 봤어?,관심
마켓에서 특이한 과일 팔던데.,관심
그 브랜드 코트 진짜 탐나더라.,관심
신상 이어폰 괜찮던데.,관심
인스타에서 귀여운 파자마 봤어.,관심
저 시계 색감 예쁘더라.,관심
아이패드 케이스 신상 이쁘더라.,관심
저 시계 색감 예쁘더라.,관심
전동 킥보드 좀 신기하더라.,관심
전시회 굿즈 진짜 예쁘더라.,관심
새로 나온 스마트워치 봤어?,관심
마켓에서 특이한 과일 팔던데.,관심
그 브랜드 코트 진짜 탐나더라.,관심
신상 이어폰 괜찮던데.,관심
인스타에서 귀여운 파자마 봤어.,관심
저 시계 색감 예쁘더라.,관심
아이패드 케이스 신상 이쁘더라.,관심
전동 킥보드 좀 신기하더라.,관심
저 가방 디자인 마음에 들어.,관심
저 가방 디자인 마음에 들어.,관심
아이패드 케이스 신상 이쁘더라.,관심
신상 이어폰 괜찮던데.,관심
저 가방 디자인 마음에 들어.,관심
인스타에서 귀여운 파자마 봤어.,관심
저 시계 색감 예쁘더라.,관심
아이패드 케이스 신상 이쁘더라.,관심
전동 킥보드 좀 신기하더라.,관심
저 가방 디자인 마음에 들어.,관심
전시회 굿즈 진짜 예쁘더라.,관심
새로 나온 스마트워치 봤어?,관심
마켓에서 특이한 과일 팔던데.,관심
그 브랜드 코트 진짜 탐나더라.,관심
신상 이어폰 괜찮던데.,관심
신상 이어폰 괜찮던데.,관심
인스타에서 귀여운 파자마 봤어.,관심
아이패드 케이스 신상 이쁘더라.,관심
전동 킥보드 좀 신기하더라.,관심
저 가방 디자인 마음에 들어.,관심
전시회 굿즈 진짜 예쁘더라.,관심
새로 나온 스마트워치 봤어?,관심
마켓에서 특이한 과일 팔던데.,관심
그 브랜드 코트 진짜 탐나더라.,관심
신상 이어폰 괜찮던데.,관심
전동 킥보드 좀 신기하더라.,관심
저 시계 색감 예쁘더라.,관심
저 시계 색감 예쁘더라.,관심
그 브랜드 코트 진짜 탐나더라.,관심
인스타에서 귀여운 파자마 봤어.,관심
새로 나온 스마트워치 봤어?,관심
마켓에서 특이한 과일 팔던데.,관심
전시회 굿즈 진짜 예쁘더라.,관심
새로 나온 스마트워치 봤어?,관심
마켓에서 특이한 과일 팔던데.,관심
그 브랜드 코트 진짜 탐나더라.,관심
신상 이어폰 괜찮던데.,관심
인스타에서 귀여운 파자마 봤어.,관심
저 시계 색감 예쁘더라.,관심
아이패드 케이스 신상 이쁘더라.,관심
전동 킥보드 좀 신기하더라.,관심
저 가방 디자인 마음에 들어.,관심
저 노트북 화면 진짜 선명하더라;;,관심
새로 나온 스마트워치 봤어?,관심
전시회 굿즈 진짜 예쁘더라.,관심
전시회 굿즈 진짜 예쁘더라.,관심
전동 킥보드 좀 신기하더라.,관심
아이패드 케이스 신상 이쁘더라.,관심
저 가방 디자인 마음에 들어.,관심
인스타에서 귀여운 파자마 봤어.,관심
신상 이어폰 괜찮던데.,관심
그 브랜드 코트 진짜 탐나더라.,관심
마켓에서 특이한 과일 팔던데.,관심
저 시계 색감 예쁘더라.,관심
이번에 지갑 색 뭘로 하지?,고민
패딩이랑 코트 중에 뭐가 나을까?,고민
모니터 큰 걸로 살까 작은 걸로 살까?,고민
가방은 크로스로 할까 백팩으로 할까?,고민
이어폰 유선이 나을까 무선이 나을까?,고민
향수를 플로럴로 할지 우디로 할지 모르겠어.,고민
이번 달에 노트북 살까 기다릴까?,고민
흰색 운동화 살지 검정색 살지 고민돼.,고민
이번에 사고 싶은 게 너무 많아.,고민
이어폰 유선이 나을까 무선이 나을까?,고민
이번에 지갑 색 뭘로 하지?,고민
모니터 큰 걸로 살까 작은 걸로 살까?,고민
가방은 크로스로 할까 백팩으로 할까?,고민
여행 갈까 옷 살까 고민 중이야.,고민
향수를 플로럴로 할지 우디로 할지 모르겠어.,고민
이번 달에 노트북 살까 기다릴까?,고민
흰색 운동화 살지 검정색 살지 고민돼.,고민
패딩이랑 코트 중에 뭐가 나을까?,고민
이번에 사고 싶은 게 너무 많아.,고민
여행 갈까 옷 살까 고민 중이야.,고민
여행 갈까 옷 살까 고민 중이야.,고민
이번에 사고 싶은 게 너무 많아.,고민
가방은 크로스로 할까 백팩으로 할까?,고민
흰색 운동화 살지 검정색 살지 고민돼.,고민
향수를 플로럴로 할지 우디로 할지 모르겠어.,고민
이번 달에 노트북 살까 기다릴까?,고민
흰색 운동화 살지 검정색 살지 고민돼.,고민
패딩이랑 코트 중에 뭐가 나을까?,고민
이번에 사고 싶은 게 너무 많아.,고민
여행 갈까 옷 살까 고민 중이야.,고민
이번에 지갑 색 뭘로 하지?,고민
모니터 큰 걸로 살까 작은 걸로 살까?,고민
가방은 크로스로 할까 백팩으로 할까?,고민
이어폰 유선이 나을까 무선이 나을까?,고민
향수를 플로럴로 할지 우디로 할지 모르겠어.,고민
이번 달에 노트북 살까 기다릴까?,고민
이번에 지갑 색 뭘로 하지?,고민
패딩이랑 코트 중에 뭐가 나을까?,고민
이번에 사고 싶은 게 너무 많아.,고민
여행 갈까 옷 살까 고민 중이야.,고민
이번에 지갑 색 뭘로 하지?,고민
모니터 큰 걸로 살까 작은 걸로 살까?,고민
이어폰 유선이 나을까 무선이 나을까?,고민
향수를 플로럴로 할지 우디로 할지 모르겠어.,고민
이번 달에 노트북 살까 기다릴까?,고민
패딩이랑 코트 중에 뭐가 나을까?,고민
흰색 운동화 살지 검정색 살지 고민돼.,고민
아 마우스 무선으로 할지 유선으로 할지 고민됨,고민
가방은 크로스로 할까 백팩으로 할까?,고민
이번에 사고 싶은 게 너무 많아.,고민
여행 갈까 옷 살까 고민 중이야.,고민
이번에 지갑 색 뭘로 하지?,고민
모니터 큰 걸로 살까 작은 걸로 살까?,고민
가방은 크로스로 할까 백팩으로 할까?,고민
이어폰 유선이 나을까 무선이 나을까?,고민
향수를 플로럴로 할지 우디로 할지 모르겠어.,고민
이번 달에 노트북 살까 기다릴까?,고민
흰색 운동화 살지 검정색 살지 고민돼.,고민
패딩이랑 코트 중에 뭐가 나을까?,고민
이번에 사고 싶은 게 너무 많아.,고민
여행 갈까 옷 살까 고민 중이야.,고민
이번에 지갑 색 뭘로 하지?,고민
모니터 큰 걸로 살까 작은 걸로 살까?,고민
가방은 크로스로 할까 백팩으로 할까?,고민
이어폰 유선이 나을까 무선이 나을까?,고민
향수를 플로럴로 할지 우디로 할지 모르겠어.,고민
이번 달에 노트북 살까 기다릴까?,고민
흰색 운동화 살지 검정색 살지 고민돼.,고민
패딩이랑 코트 중에 뭐가 나을까?,고민
이어폰 유선이 나을까 무선이 나을까?,고민
패딩이랑 코트 중에 뭐가 나을까?,고민
모니터 큰 걸로 살까 작은 걸로 살까?,고민
흰색 운동화 살지 검정색 살지 고민돼.,고민
향수를 플로럴로 할지 우디로 할지 모르겠어.,고민
이어폰 유선이 나을까 무선이 나을까?,고민
향수를 플로럴로 할지 우디로 할지 모르겠어.,고민
이번 달에 노트북 살까 기다릴까?,고민
흰색 운동화 살지 검정색 살지 고민돼.,고민
패딩이랑 코트 중에 뭐가 나을까?,고민
이번에 사고 싶은 게 너무 많아.,고민
여행 갈까 옷 살까 고민 중이야.,고민
이번에 지갑 색 뭘로 하지?,고민
모니터 큰 걸로 살까 작은 걸로 살까?,고민
가방은 크로스로 할까 백팩으로 할까?,고민
이어폰 유선이 나을까 무선이 나을까?,고민
향수를 플로럴로 할지 우디로 할지 모르겠어.,고민
이번 달에 노트북 살까 기다릴까?,고민
흰색 운동화 살지 검정색 살지 고민돼.,고민
패딩이랑 코트 중에 뭐가 나을까?,고민
이번에 사고 싶은 게 너무 많아.,고민
여행 갈까 옷 살까 고민 중이야.,고민
이번에 지갑 색 뭘로 하지?,고민
모니터 큰 걸로 살까 작은 걸로 살까?,고민
가방은 크로스로 할까 백팩으로 할까?,고민
이어폰 유선이 나을까 무선이 나을까?,고민
이번 달에 노트북 살까 기다릴까?,고민
가방은 크로스로 할까 백팩으로 할까?,고민
모니터 큰 걸로 살까 작은 걸로 살까?,고민
이번에 지갑 색 뭘로 하지?,고민
아 마우스 무선으로 할지 유선으로 할지 고민됨,고민
가방 이번에 살까 말까 망설여짐;;,고민
운동복 반팔로 살까 긴팔로 살까~,고민
폰케이스뭘로살지모르겠음..,고민
폰 케이스 뭘로 살지 모르겠음;;,고민
냉장고 이번에 살까 기다릴까 ㄹㅇ,고민
스니커즈 모델 선택이 너무 어려움 ㅠㅠ,고민
겨울옷색상을블랙으로할까그레이로할까..,고민
운동복 반팔로 살까 긴팔로 살까~,고민
폰 케이스 뭘로 살지 모르겠음 ㅠㅠ,고민
겨울옷 색상을 블랙으로 할까 그레이로 할까~,고민
겨울옷색상을블랙으로할까그레이로할까..,고민
냉장고 이번에 살까 기다릴까 ㄹㅇ,고민
스니커즈 모델 선택이 너무 어려움~,고민
냉장고 이번에 살까 기다릴까~,고민
운동복 반팔로 살까 긴팔로 살까~,고민
책장을큰걸로할까작은걸로할까..,고민
겨울옷 색상을 블랙으로 할까 그레이로 할까;;,고민
책장을 큰걸로 할까 작은걸로 할까~,고민
이어폰 브랜드 뭐할지 ㄹㅇ 고민 ㄹㅇ,고민
폰 케이스 뭘로 살지 모르겠음~,고민
폰 케이스 뭘로 살지 모르겠음~,고민
이어폰 브랜드 뭐할지 ㄹㅇ 고민 ㅠㅠ,고민
책장을큰걸로할까작은걸로할까..,고민
겨울옷 색상을 블랙으로 할까 그레이로 할까,고민
이어폰 브랜드 뭐할지 ㄹㅇ 고민,고민
책장을 큰걸로 할까 작은걸로 할까,고민
운동복 반팔로 살까 긴팔로 살까,고민
냉장고 이번에 살까 기다릴까,고민
마우스 무선으로 할지 유선으로 할지 고민됨,고민
청바지 밝은색이 나을까 진한색이 나을까,고민
가방 이번에 살까 말까 망설여짐,고민
스니커즈 모델 선택이 너무 어려움,고민
이어폰 브랜드 뭐할지 ㄹㅇ 고민 ㄹㅇ,고민
이어폰 브랜드 뭐할지 ㄹㅇ 고민;;,고민
스니커즈모델선택이너무어려움..,고민
마우스무선으로할지유선으로할지고민됨..,고민
이어폰 브랜드 뭐할지 ㄹㅇ 고민 ㄹㅇ,고민
아 청바지 밝은색이 나을까 진한색이 나을까,고민
가방 이번에 살까 말까 망설여짐 ㅠㅠ,고민
이어폰브랜드뭐할지ㄹㅇ고민..,고민
가방 이번에 살까 말까 망설여짐 ㅋㅋ,고민
폰 케이스 뭘로 살지 모르겠음 ㄹㅇ,고민
운동복 반팔로 살까 긴팔로 살까 ㅋㅋ,고민
아 마우스 무선으로 할지 유선으로 할지 고민됨,고민
마우스 무선으로 할지 유선으로 할지 고민됨~,고민
아 냉장고 이번에 살까 기다릴까,고민
이어폰 브랜드 뭐할지 ㄹㅇ 고민 ㄹㅇ,고민
마우스 무선으로 할지 유선으로 할지 고민됨 ㅠㅠ,고민
아 운동복 반팔로 살까 긴팔로 살까,고민
냉장고 이번에 살까 기다릴까;;,고민
운동복 반팔로 살까 긴팔로 살까 ㄹㅇ,고민
겨울옷색상을블랙으로할까그레이로할까..,고민
냉장고이번에살까기다릴까..,고민
스니커즈 모델 선택이 너무 어려움 ㅋㅋ,고민
아 청바지 밝은색이 나을까 진한색이 나을까,고민
가방 이번에 살까 말까 망설여짐~,고민
책장을 큰걸로 할까 작은걸로 할까;;,고민
스니커즈 모델 선택이 너무 어려움~,고민
가방 이번에 살까 말까 망설여짐 ㄹㅇ,고민
겨울옷 색상을 블랙으로 할까 그레이로 할까 ㄹㅇ,고민
폰 케이스 뭘로 살지 모르겠음 ㅋㅋ,고민
마우스무선으로할지유선으로할지고민됨..,고민
운동복 반팔로 살까 긴팔로 살까 ㅠㅠ,고민
마우스 무선으로 할지 유선으로 할지 고민됨 ㅋㅋ,고민
아 겨울옷 색상을 블랙으로 할까 그레이로 할까,고민
마우스 무선으로 할지 유선으로 할지 고민됨~,고민
냉장고 이번에 살까 기다릴까 ㅠㅠ,고민
스니커즈 모델 선택이 너무 어려움~,고민
폰 케이스 뭘로 살지 모르겠음 ㅋㅋ,고민
아 책장을 큰걸로 할까 작은걸로 할까,고민
폰 케이스 뭘로 살지 모르겠음,고민
폰 케이스 뭘로 살지 모르겠음~,고민
책장을 큰걸로 할까 작은걸로 할까 ㄹㅇ,고민
가방 이번에 살까 말까 망설여짐;;,고민
이어폰 브랜드 뭐할지 ㄹㅇ 고민;;,고민
책장을 큰걸로 할까 작은걸로 할까 ㅋㅋ,고민
청바지 밝은색이 나을까 진한색이 나을까 ㅋㅋ,고민
책장을 큰걸로 할까 작은걸로 할까;;,고민
폰 케이스 뭘로 살지 모르겠음 ㅠㅠ,고민
마우스 무선으로 할지 유선으로 할지 고민됨;;,고민
청바지 밝은색이 나을까 진한색이 나을까;;,고민
폰케이스뭘로살지모르겠음..,고민
아 마우스 무선으로 할지 유선으로 할지 고민됨,고민
가방 이번에 살까 말까 망설여짐~,고민
운동복 반팔로 살까 긴팔로 살까 ㅠㅠ,고민
아 이어폰 브랜드 뭐할지 ㄹㅇ 고민,고민
가방 이번에 살까 말까 망설여짐~,고민
가방 이번에 살까 말까 망설여짐~,고민
폰 케이스 뭘로 살지 모르겠음 ㅋㅋ,고민
냉장고 이번에 살까 기다릴까 ㅠㅠ,고민
아 마우스 무선으로 할지 유선으로 할지 고민됨,고민
냉장고 이번에 살까 기다릴까 ㅋㅋ,고민
마우스 무선으로 할지 유선으로 할지 고민됨;;,고민
책장을큰걸로할까작은걸로할까..,고민
가방 이번에 살까 말까 망설여짐;;,고민
책장을 큰걸로 할까 작은걸로 할까 ㄹㅇ,고민
겨울옷색상을블랙으로할까그레이로할까..,고민
마우스 무선으로 할지 유선으로 할지 고민됨;;,고민
여행 갈까 옷 살까 고민 중이야.,고민
이번에 사고 싶은 게 너무 많아.,고민
귀걸이 안껴 불편해 ㅠㅠ,부정
자동차용 방향제 냄새 싫어;;,부정
게임기 전혀 흥미 없음~,부정
게임기전혀흥미없음..,부정
핸드폰 큰거 싫음 무겁다~,부정
귀걸이 안껴 불편해 ㄹㅇ,부정
귀걸이 안껴 불편해 ㄹㅇ,부정
스마트워치 차는 거 안좋아함~,부정
게임기 전혀 흥미 없음~,부정
브랜드 티셔츠 관심 없음 ㅠㅠ,부정
알람시계 필요없음 폰으로 함;;,부정
브랜드 티셔츠 관심 없음;;,부정
자동차용 방향제 냄새 싫어 ㅠㅠ,부정
자동차용 방향제 냄새 싫어 ㄹㅇ,부정
자동차용 방향제 냄새 싫어 ㄹㅇ,부정
냉동식품 잘 안먹음 ㄹㅇ,부정
핸드폰큰거싫음무겁다..,부정
핸드폰 큰거 싫음 무겁다 ㅋㅋ,부정
화이트 옷 관리 힘들어서 안입음~,부정
게임기 전혀 흥미 없음~,부정
게임기 전혀 흥미 없음~,부정
자동차용 방향제 냄새 싫어~,부정
핸드폰 큰거 싫음 무겁다,부정
게임기 전혀 흥미 없음 ㄹㅇ,부정
아 귀걸이 안껴 불편해,부정
핸드폰 큰거 싫음 무겁다;;,부정
게임기 전혀 흥미 없음~,부정
냉동식품 잘 안먹음 ㅠㅠ,부정
자동차용 방향제 냄새 싫어 ㅠㅠ,부정
화이트 옷 관리 힘들어서 안입음 ㅋㅋ,부정
게임기 전혀 흥미 없음 ㄹㅇ,부정
스마트워치 차는 거 안좋아함 ㄹㅇ,부정
핸드폰큰거싫음무겁다..,부정
아 자동차용 방향제 냄새 싫어,부정
아 핸드폰 큰거 싫음 무겁다,부정
스마트워치 차는 거 안좋아함 ㅋㅋ,부정
알람시계 필요없음 폰으로 함;;,부정
핸드폰 큰거 싫음 무겁다 ㄹㅇ,부정
핸드폰 큰거 싫음 무겁다~,부정
아 스마트워치 차는 거 안좋아함,부정
핸드폰 큰거 싫음 무겁다;;,부정
귀걸이안껴불편해..,부정
브랜드 티셔츠 관심 없음 ㅋㅋ,부정
게임기 전혀 흥미 없음 ㅠㅠ,부정
캔들 연기 싫어서 못씀~,부정
자동차용 방향제 냄새 싫어 ㅋㅋ,부정
냉동식품 잘 안먹음;;,부정
알람시계 필요없음 폰으로 함 ㄹㅇ,부정
알람시계필요없음폰으로함..,부정
아 귀걸이 안껴 불편해,부정
게임기 전혀 흥미 없음;;,부정
아 알람시계 필요없음 폰으로 함,부정
냉동식품 잘 안먹음 ㅠㅠ,부정
자동차용 방향제 냄새 싫어~,부정
핸드폰 큰거 싫음 무겁다~,부정
아 자동차용 방향제 냄새 싫어,부정
브랜드 티셔츠 관심 없음~,부정
화이트 옷 관리 힘들어서 안입음 ㅠㅠ,부정
캔들 연기 싫어서 못씀;;,부정
스마트워치차는거안좋아함..,부정
냉동식품 잘 안먹음,부정
게임기 전혀 흥미 없음,부정
캔들 연기 싫어서 못씀,부정
스마트워치 차는 거 안좋아함,부정
브랜드 티셔츠 관심 없음,부정
귀걸이 안껴 불편해,부정
자동차용 방향제 냄새 싫어,부정
화이트 옷 관리 힘들어서 안입음,부정
알람시계 필요없음 폰으로 함,부정
알람시계 필요없음 폰으로 함;;,부정
화이트옷관리힘들어서안입음..,부정
냉동식품 잘 안먹음;;,부정
자동차용 방향제 냄새 싫어 ㅋㅋ,부정
스마트워치 차는 거 안좋아함;;,부정
핸드폰큰거싫음무겁다..,부정
캔들연기싫어서못씀..,부정
스마트워치차는거안좋아함..,부정
핸드폰 큰거 싫음 무겁다 ㅠㅠ,부정
화이트 옷 관리 힘들어서 안입음;;,부정
알람시계 필요없음 폰으로 함;;,부정
화이트옷관리힘들어서안입음..,부정
귀걸이 안껴 불편해 ㅠㅠ,부정
핸드폰 큰거 싫음 무겁다;;,부정
화이트 옷 관리 힘들어서 안입음 ㅋㅋ,부정
귀걸이 안껴 불편해 ㄹㅇ,부정
알람시계 필요없음 폰으로 함 ㄹㅇ,부정
냉동식품 잘 안먹음~,부정
스마트워치 차는 거 안좋아함~,부정
스마트워치 차는 거 안좋아함 ㅋㅋ,부정
냉동식품 잘 안먹음~,부정
귀걸이 안껴 불편해 ㄹㅇ,부정
스마트워치 차는 거 안좋아함 ㅠㅠ,부정
알람시계 필요없음 폰으로 함;;,부정
아 브랜드 티셔츠 관심 없음,부정
게임기 전혀 흥미 없음;;,부정
스마트워치 차는 거 안좋아함~,부정
브랜드 티셔츠 관심 없음 ㅠㅠ,부정
캔들연기싫어서못씀..,부정
"큰 가방은 싫어, 무거워.",부정
나는 립스틱은 안 좋아해.,부정
난 가죽 제품은 안 써.,부정
인형 같은 건 필요 없어.,부정
"책은 종이책이 좋아, 전자책은 싫어.",부정
향초는 냄새가 너무 강해서 별로야.,부정
화려한 색깔 옷은 내 취향 아니야.,부정
시계 차는 거 불편해서 싫어.,부정
전동 킥보드는 위험해서 타기 싫어.,부정
무선 이어폰은 잘 잃어버려서 안 써.,부정
"큰 가방은 싫어, 무거워.",부정
나는 립스틱은 안 좋아해.,부정
난 가죽 제품은 안 써.,부정
인형 같은 건 필요 없어.,부정
"책은 종이책이 좋아, 전자책은 싫어.",부정
향초는 냄새가 너무 강해서 별로야.,부정
화려한 색깔 옷은 내 취향 아니야.,부정
시계 차는 거 불편해서 싫어.,부정
전동 킥보드는 위험해서 타기 싫어.,부정
무선 이어폰은 잘 잃어버려서 안 써.,부정
"큰 가방은 싫어, 무거워.",부정
무선 이어폰은 잘 잃어버려서 안 써.,부정
나는 립스틱은 안 좋아해.,부정
전동 킥보드는 위험해서 타기 싫어.,부정
화려한 색깔 옷은 내 취향 아니야.,부정
향초는 냄새가 너무 강해서 별로야.,부정
화려한 색깔 옷은 내 취향 아니야.,부정
시계 차는 거 불편해서 싫어.,부정
전동 킥보드는 위험해서 타기 싫어.,부정
무선 이어폰은 잘 잃어버려서 안 써.,부정
"큰 가방은 싫어, 무거워.",부정
나는 립스틱은 안 좋아해.,부정
난 가죽 제품은 안 써.,부정
인형 같은 건 필요 없어.,부정
"책은 종이책이 좋아, 전자책은 싫어.",부정
향초는 냄새가 너무 강해서 별로야.,부정
화려한 색깔 옷은 내 취향 아니야.,부정
시계 차는 거 불편해서 싫어.,부정
전동 킥보드는 위험해서 타기 싫어.,부정
무선 이어폰은 잘 잃어버려서 안 써.,부정
"큰 가방은 싫어, 무거워.",부정
나는 립스틱은 안 좋아해.,부정
난 가죽 제품은 안 써.,부정
인형 같은 건 필요 없어.,부정
"책은 종이책이 좋아, 전자책은 싫어.",부정
향초는 냄새가 너무 강해서 별로야.,부정
시계 차는 거 불편해서 싫어.,부정
난 가죽 제품은 안 써.,부정
인형 같은 건 필요 없어.,부정
"책은 종이책이 좋아, 전자책은 싫어.",부정
나는 립스틱은 안 좋아해.,부정
난 가죽 제품은 안 써.,부정
인형 같은 건 필요 없어.,부정
"책은 종이책이 좋아, 전자책은 싫어.",부정
향초는 냄새가 너무 강해서 별로야.,부정
화려한 색깔 옷은 내 취향 아니야.,부정
시계 차는 거 불편해서 싫어.,부정
전동 킥보드는 위험해서 타기 싫어.,부정
무선 이어폰은 잘 잃어버려서 안 써.,부정
"큰 가방은 싫어, 무거워.",부정
나는 립스틱은 안 좋아해.,부정
난 가죽 제품은 안 써.,부정
인형 같은 건 필요 없어.,부정
"책은 종이책이 좋아, 전자책은 싫어.",부정
향초는 냄새가 너무 강해서 별로야.,부정
화려한 색깔 옷은 내 취향 아니야.,부정
시계 차는 거 불편해서 싫어.,부정
전동 킥보드는 위험해서 타기 싫어.,부정
무선 이어폰은 잘 잃어버려서 안 써.,부정
"큰 가방은 싫어, 무거워.",부정
나는 립스틱은 안 좋아해.,부정
"큰 가방은 싫어, 무거워.",부정
무선 이어폰은 잘 잃어버려서 안 써.,부정
전동 킥보드는 위험해서 타기 싫어.,부정
시계 차는 거 불편해서 싫어.,부정
향초는 냄새가 너무 강해서 별로야.,부정
화려한 색깔 옷은 내 취향 아니야.,부정
시계 차는 거 불편해서 싫어.,부정
전동 킥보드는 위험해서 타기 싫어.,부정
무선 이어폰은 잘 잃어버려서 안 써.,부정
"큰 가방은 싫어, 무거워.",부정
나는 립스틱은 안 좋아해.,부정
난 가죽 제품은 안 써.,부정
인형 같은 건 필요 없어.,부정
"책은 종이책이 좋아, 전자책은 싫어.",부정
"책은 종이책이 좋아, 전자책은 싫어.",부정
향초는 냄새가 너무 강해서 별로야.,부정
시계 차는 거 불편해서 싫어.,부정
전동 킥보드는 위험해서 타기 싫어.,부정
무선 이어폰은 잘 잃어버려서 안 써.,부정
"큰 가방은 싫어, 무거워.",부정
나는 립스틱은 안 좋아해.,부정
난 가죽 제품은 안 써.,부정
인형 같은 건 필요 없어.,부정
"책은 종이책이 좋아, 전자책은 싫어.",부정
향초는 냄새가 너무 강해서 별로야.,부정
화려한 색깔 옷은 내 취향 아니야.,부정
화려한 색깔 옷은 내 취향 아니야.,부정
자동차용 방향제 냄새 싫어~,부정
인형 같은 건 필요 없어.,부정
난 가죽 제품은 안 써.,부정
냉동식품잘안먹음..,부정
아침에 알람 못듣고 지각함 ㄹㅇ,단순 언급
강아지 산책시킴 ㅠㅠ,단순 언급
오늘 피곤해서 낮잠 잠 ㅋㅋ,단순 언급
아 어제 밤새 드라마 봄,단순 언급
집앞에 카페 생겼더라;;,단순 언급
오늘 피곤해서 낮잠 잠;;,단순 언급
지하철완전붐볐음..,단순 언급
어제 밤새 드라마 봄~,단순 언급
어제 밤새 드라마 봄 ㄹㅇ,단순 언급
저녁에 산책 갔다옴 ㅋㅋ,단순 언급
아침에 알람 못듣고 지각함 ㅠㅠ,단순 언급
주말에 잠만 잤다~,단순 언급
아 택배 오늘 옴,단순 언급
지하철 완전 붐볐음 ㄹㅇ,단순 언급
아 집앞에 카페 생겼더라,단순 언급
주말에 잠만 잤다 ㄹㅇ,단순 언급
저녁에 산책 갔다옴~,단순 언급
집앞에 카페 생겼더라;;,단순 언급
강아지산책시킴..,단순 언급
아침에 알람 못듣고 지각함;;,단순 언급
오늘 점심 컵라면 먹음;;,단순 언급
강아지 산책시킴 ㅋㅋ,단순 언급
택배오늘옴..,단순 언급
아 택배 오늘 옴,단순 언급
지하철완전붐볐음..,단순 언급
아침에 알람 못듣고 지각함,단순 언급
지하철 완전 붐볐음,단순 언급
오늘 점심 컵라면 먹음,단순 언급
주말에 잠만 잤다,단순 언급
어제 밤새 드라마 봄,단순 언급
저녁에 산책 갔다옴,단순 언급
집앞에 카페 생겼더라,단순 언급
강아지 산책시킴,단순 언급
오늘 피곤해서 낮잠 잠,단순 언급
택배 오늘 옴,단순 언급
오늘 점심 컵라면 먹음;;,단순 언급
지하철 완전 붐볐음~,단순 언급
집앞에 카페 생겼더라 ㅋㅋ,단순 언급
저녁에산책갔다옴..,단순 언급
아 주말에 잠만 잤다,단순 언급
아 집앞에 카페 생겼더라,단순 언급
오늘점심컵라면먹음..,단순 언급
오늘피곤해서낮잠잠..,단순 언급
오늘점심컵라면먹음..,단순 언급
택배 오늘 옴~,단순 언급
택배 오늘 옴~,단순 언급
저녁에 산책 갔다옴 ㅋㅋ,단순 언급
오늘 피곤해서 낮잠 잠~,단순 언급
오늘 점심 컵라면 먹음 ㅋㅋ,단순 언급
저녁에 산책 갔다옴~,단순 언급
강아지 산책시킴 ㄹㅇ,단순 언급
지하철 완전 붐볐음 ㅋㅋ,단순 언급
지하철 완전 붐볐음 ㅋㅋ,단순 언급
오늘 점심 컵라면 먹음;;,단순 언급
오늘피곤해서낮잠잠..,단순 언급
택배 오늘 옴 ㅋㅋ,단순 언급
오늘 피곤해서 낮잠 잠 ㄹㅇ,단순 언급
아 저녁에 산책 갔다옴,단순 언급
저녁에 산책 갔다옴;;,단순 언급
저녁에 산책 갔다옴~,단순 언급
강아지산책시킴..,단순 언급
집앞에 카페 생겼더라;;,단순 언급
지하철 완전 붐볐음 ㅠㅠ,단순 언급
어제 밤새 드라마 봄 ㅠㅠ,단순 언급
아 오늘 피곤해서 낮잠 잠,단순 언급
택배 오늘 옴;;,단순 언급
강아지 산책시킴 ㄹㅇ,단순 언급
오늘 점심 컵라면 먹음 ㅠㅠ,단순 언급
저녁에 산책 갔다옴 ㅠㅠ,단순 언급
아 지하철 완전 붐볐음,단순 언급
택배 오늘 옴~,단순 언급
주말에 잠만 잤다~,단순 언급
어제 밤새 드라마 봄 ㄹㅇ,단순 언급
아침에 알람 못듣고 지각함~,단순 언급
택배 오늘 옴 ㄹㅇ,단순 언급
아 오늘 피곤해서 낮잠 잠,단순 언급
주말에 잠만 잤다 ㅠㅠ,단순 언급
지하철 완전 붐볐음 ㅋㅋ,단순 언급
오늘피곤해서낮잠잠..,단순 언급
아침에 알람 못듣고 지각함 ㅋㅋ,단순 언급
아침에 알람 못듣고 지각함 ㅋㅋ,단순 언급
강아지 산책시킴~,단순 언급
저녁에 산책 갔다옴;;,단순 언급
집앞에 카페 생겼더라 ㄹㅇ,단순 언급
아 어제 밤새 드라마 봄,단순 언급
아침에 알람 못듣고 지각함~,단순 언급
주말에 잠만 잤다~,단순 언급
집앞에 카페 생겼더라 ㄹㅇ,단순 언급
오늘 점심 컵라면 먹음;;,단순 언급
저녁에산책갔다옴..,단순 언급
어제 밤새 드라마 봄 ㅋㅋ,단순 언급
오늘피곤해서낮잠잠..,단순 언급
아 오늘 점심 컵라면 먹음,단순 언급
아 오늘 피곤해서 낮잠 잠,단순 언급
저녁에 산책 갔다옴 ㅋㅋ,단순 언급
집앞에 카페 생겼더라 ㄹㅇ,단순 언급
어제 밤새 드라마 봄;;,단순 언급
아침에알람못듣고지각함..,단순 언급
오늘은 유난히 졸리다.,단순 언급
이번 주에 회식 있어.,단순 언급
강아지가 너무 귀여워.,단순 언급
저녁에 치킨 시켜 먹었어.,단순 언급
이번 주에 회식 있어.,단순 언급
오늘은 유난히 졸리다.,단순 언급
오늘 날씨 엄청 맑다.,단순 언급
아침에 버스 놓쳤어.,단순 언급
점심에 김치찌개 먹었어.,단순 언급
어제 친구랑 카페 갔어.,단순 언급
주말에 영화 보고 왔어.,단순 언급
오늘 하루종일 비 왔네.,단순 언급
강아지가 너무 귀여워.,단순 언급
저녁에 치킨 시켜 먹었어.,단순 언급
이번 주에 회식 있어.,단순 언급
오늘은 유난히 졸리다.,단순 언급
오늘 날씨 엄청 맑다.,단순 언급
아침에 버스 놓쳤어.,단순 언급
점심에 김치찌개 먹었어.,단순 언급
어제 친구랑 카페 갔어.,단순 언급
주말에 영화 보고 왔어.,단순 언급
오늘 하루종일 비 왔네.,단순 언급
강아지가 너무 귀여워.,단순 언급
오늘 하루종일 비 왔네.,단순 언급
주말에 영화 보고 왔어.,단순 언급
어제 친구랑 카페 갔어.,단순 언급
점심에 김치찌개 먹었어.,단순 언급
오늘 날씨 엄청 맑다.,단순 언급
아침에 버스 놓쳤어.,단순 언급
점심에 김치찌개 먹었어.,단순 언급
어제 친구랑 카페 갔어.,단순 언급
주말에 영화 보고 왔어.,단순 언급
오늘 하루종일 비 왔네.,단순 언급
강아지가 너무 귀여워.,단순 언급
저녁에 치킨 시켜 먹었어.,단순 언급
이번 주에 회식 있어.,단순 언급
오늘은 유난히 졸리다.,단순 언급
저녁에 치킨 시켜 먹었어.,단순 언급
오늘 날씨 엄청 맑다.,단순 언급
점심에 김치찌개 먹었어.,단순 언급
어제 친구랑 카페 갔어.,단순 언급
주말에 영화 보고 왔어.,단순 언급
오늘 하루종일 비 왔네.,단순 언급
강아지가 너무 귀여워.,단순 언급
저녁에 치킨 시켜 먹었어.,단순 언급
이번 주에 회식 있어.,단순 언급
오늘은 유난히 졸리다.,단순 언급
오늘 날씨 엄청 맑다.,단순 언급
아침에 버스 놓쳤어.,단순 언급
아침에 버스 놓쳤어.,단순 언급
아 어제 밤새 드라마 봄,단순 언급
이번 주에 회식 있어.,단순 언급
오늘 날씨 엄청 맑다.,단순 언급
저녁에 치킨 시켜 먹었어.,단순 언급
이번 주에 회식 있어.,단순 언급
오늘은 유난히 졸리다.,단순 언급
오늘 날씨 엄청 맑다.,단순 언급
아침에 버스 놓쳤어.,단순 언급
점심에 김치찌개 먹었어.,단순 언급
어제 친구랑 카페 갔어.,단순 언급
주말에 영화 보고 왔어.,단순 언급
오늘 하루종일 비 왔네.,단순 언급
강아지가 너무 귀여워.,단순 언급
저녁에 치킨 시켜 먹었어.,단순 언급
이번 주에 회식 있어.,단순 언급
오늘은 유난히 졸리다.,단순 언급
오늘 날씨 엄청 맑다.,단순 언급
아침에 버스 놓쳤어.,단순 언급
점심에 김치찌개 먹었어.,단순 언급
어제 친구랑 카페 갔어.,단순 언급
주말에 영화 보고 왔어.,단순 언급
오늘 하루종일 비 왔네.,단순 언급
강아지가 너무 귀여워.,단순 언급
저녁에 치킨 시켜 먹었어.,단순 언급
강아지가 너무 귀여워.,단순 언급
오늘 하루종일 비 왔네.,단순 언급
주말에 영화 보고 왔어.,단순 언급
어제 친구랑 카페 갔어.,단순 언급
아침에 버스 놓쳤어.,단순 언급
점심에 김치찌개 먹었어.,단순 언급
어제 친구랑 카페 갔어.,단순 언급
주말에 영화 보고 왔어.,단순 언급
오늘 하루종일 비 왔네.,단순 언급
강아지가 너무 귀여워.,단순 언급
저녁에 치킨 시켜 먹었어.,단순 언급
이번 주에 회식 있어.,단순 언급
오늘은 유난히 졸리다.,단순 언급
오늘 날씨 엄청 맑다.,단순 언급
오늘은 유난히 졸리다.,단순 언급
아침에 버스 놓쳤어.,단순 언급
어제 친구랑 카페 갔어.,단순 언급
주말에 영화 보고 왔어.,단순 언급
오늘 하루종일 비 왔네.,단순 언급
강아지가 너무 귀여워.,단순 언급
저녁에 치킨 시켜 먹었어.,단순 언급
이번 주에 회식 있어.,단순 언급
오늘은 유난히 졸리다.,단순 언급
오늘 날씨 엄청 맑다.,단순 언급
아침에 버스 놓쳤어.,단순 언급
점심에 김치찌개 먹었어.,단순 언급
점심에 김치찌개 먹었어.,단순 언급
집앞에카페생겼더라..,단순 언급
